{
  "rmse": 3.2954989965654113,
  "mae": 1.078843498273878,
  "r2": 0.9996569304896831
}