{
  "model": "model_et",
  "rmse_cv": 70.43361080757764,
  "mae_cv": 47.01822606568833,
  "rmse_folds": [
    65.05199864223816,
    51.946103842456274,
    91.49270619750389,
    74.55713186088072,
    69.12011349480909
  ],
  "mae_folds": [
    47.47236373165618,
    35.01902341020265,
    56.90205625436757,
    49.37878406708596,
    46.31890286512928
  ]
}