{
  "model": "model_ada",
  "rmse_cv": 117.77082688111258,
  "mae_cv": 99.84834410555672,
  "rmse_folds": [
    103.2121890851893,
    81.43107801902451,
    123.44036975287855,
    137.73314927134928,
    143.0373482771213
  ],
  "mae_folds": [
    88.82438270740134,
    67.97603901785607,
    102.49508649910318,
    118.9313878471324,
    121.01482445629057
  ]
}