{
  "rmse": 79.72107445786068,
  "mae": 52.34304948216341
}