{
  "rmse": 69.80952361368153,
  "mae": 45.132333141542
}