{
  "rmse": 81.22309595799892,
  "mae": 53.18394418872268
}