{
  "model": "model_knn",
  "rmse_cv": 168.52700637727358,
  "mae_cv": 135.79802935010485,
  "rmse_folds": [
    130.81911100574195,
    149.49385095880487,
    181.31775352357855,
    197.85125168103946,
    183.15306471720308
  ],
  "mae_folds": [
    107.7192173305381,
    126.64591194968553,
    153.80559049615653,
    154.83116701607267,
    135.9882599580713
  ]
}