{
  "model": "model_lgbm",
  "rmse_cv": 65.8168488330586,
  "mae_cv": 45.10454737811313,
  "rmse_folds": [
    63.678027827902895,
    52.087853802809775,
    78.99452951689561,
    70.7313845021036,
    63.592448515581104
  ],
  "mae_folds": [
    44.615061307252354,
    35.84965398534513,
    52.24042747162858,
    48.84268748900537,
    43.97490663733421
  ]
}