{
  "rmse": 60.10789498468961,
  "mae": 38.81876634235362
}