{
  "model": "model_ridge",
  "rmse_cv": 137.43433507535286,
  "mae_cv": 103.20893712139949,
  "rmse_folds": [
    110.186104331898,
    113.2533505218843,
    135.62778033208866,
    167.85582900168197,
    160.24861118921135
  ],
  "mae_folds": [
    89.15594429312505,
    81.36015336747435,
    97.06171724936236,
    131.92012854084876,
    116.54674215618684
  ]
}