{
  "model": "model_gbr",
  "rmse_cv": 100.79864470951244,
  "mae_cv": 79.9868689667273,
  "rmse_folds": [
    77.07854586649113,
    86.94594443358984,
    140.47752246455735,
    103.94473031923728,
    95.54648046368658
  ],
  "mae_folds": [
    57.76123680289827,
    74.87028085189306,
    120.9089278263673,
    78.37583467787493,
    68.01806467460293
  ]
}