{
  "rmse": 67.77046830505306,
  "mae": 45.31756539800965
}