{
  "model": "model_catboost",
  "rmse_cv": 64.4308841970001,
  "mae_cv": 44.15591301294656,
  "rmse_folds": [
    59.587704119332464,
    51.42630571034673,
    75.84131171022584,
    68.17749262835413,
    67.12160681674126
  ],
  "mae_folds": [
    42.43955717758383,
    36.56934554020547,
    49.08307273050184,
    47.76480874231259,
    44.92278087412911
  ]
}