{
  "model": "model_hgb",
  "rmse_cv": 65.37675399360658,
  "mae_cv": 44.51929667403732,
  "rmse_folds": [
    60.95971673063983,
    51.81822447094648,
    77.17917368225513,
    71.5456423355385,
    65.38101274865299
  ],
  "mae_folds": [
    42.89454383253701,
    34.99549301626276,
    51.4193225632124,
    48.718758427571544,
    44.56836553060286
  ]
}