{
  "model": "model_xgb",
  "rmse_cv": 73.41939854790375,
  "mae_cv": 51.25793482831134,
  "rmse_folds": [
    69.53000148019662,
    62.82711193104286,
    81.75578886495313,
    80.48559074442997,
    72.49849971889623
  ],
  "mae_folds": [
    46.584961436134236,
    43.559623834888555,
    56.93462519842291,
    58.82758813006198,
    50.382875542049014
  ]
}