{
  "rmse": 62.79986932303158,
  "mae": 42.270280371421265
}