{
  "rmse": 66.23932586212881,
  "mae": 44.00357309230091
}