{
  "rmse": 71.1820756960821,
  "mae": 45.93443037974684
}